symbol,adtv
A,1356346
AA,5900756
AAC,545593
AADI,109930
AAL,27215206
AAN,388112
AAOI,192961
AAON,225444
AAP,1182130
AAPL,76766186
AAT,422027
AAU,292459
AB,335294
ABB,1466026
ABBV,5876646
ABC,1415237
ABCB,395042
ABCL,1834674
ABCM,586978
ABEO,381386
ABEV,27198813
ABG,220162
ABM,320865
ABNB,6105717
ABOS,157326
ABR,2553238
ABSI,396618
ABT,5400722
ABUS,946942
ABVC,426061
ACA,243346
ACAD,1416995
ACAH,129436
ACB,9619650
ACCD,675310
ACCO,647082
ACDC,482256
ACEL,214049
ACER,446622
ACET,641535
ACGL,3001658
ACHC,603388
ACHL,285670
ACHR,1619012
ACI,4470863
ACIU,150753
ACIW,954717
ACLS,507806
ACLX,508503
ACM,915995
ACMR,946788
ACN,2290566
ACOR,2079704
ACP,181015
ACRE,747965
ACRO,114035
ACRS,712414
ACRX,191561
ACST,147862
ACT,148419
ACTG,272185
ACVA,1140164
ADAL,134879
ADAP,532138
ADBE,3271956
ADC,963666
ADCT,685298
ADD,474713
ADEA,670200
ADI,3554430
ADIL,419299
ADM,2984129
ADMA,2869095
ADMP,1543326
ADN,802040
ADNT,835414
ADOCR,241983
ADP,1890206
ADPT,981671
ADSK,1517689
ADT,3918464
ADTH,111638
ADTN,544557
ADTX,723890
ADV,525894
ADVM,497290
ADX,245817
ADXN,234052
AEE,1405760
AEG,2378905
AEHL,107778
AEHR,1693656
AEIS,193344
AEL,678271
AEM,3058323
AEMD,602155
AEO,4408584
AEP,3148673
AEPPZ,131625
AER,1082995
AES,4274104
AEVA,1319010
AFB,105624
AFCG,150172
AFG,389622
AFIB,367843
AFL,2692543
AFMD,1639293
AFRM,16770766
AFYA,325760
AG,7144358
AGAC,169494
AGBA,146883
AGCO,648149
AGEN,4733453
AGFS,497171
AGFY,1807295
AGI,3660632
AGIO,516642
AGL,2135423
AGLE,1132126
AGNC,13561167
AGO,294263
AGR,607069
AGRI,206341
AGRO,585142
AGRX,801688
AGS,445746
AGTI,326265
AGYS,157673
AHCO,951392
AHG,133402
AHH,316888
AHI,143090
AHT,468314
AI,10189567
AIG,5072140
AIM,201464
AIMD,794708
AIN,142302
AIO,131725
AIR,231104
AIRC,911621
AIRS,310490
AIT,209514
AIV,1187051
AIZ,504326
AJG,891264
AJRD,1075722
AKAM,1622877
AKAN,399014
AKBA,1893586
AKLI,124149
AKR,630721
AKRO,706019
AKTS,624048
AKTX,135937
AKYA,119655
AL,506332
ALB,1571161
ALBT,118686
ALC,1004933
ALCC,211072
ALDX,447430
ALE,351811
ALEC,549829
ALEX,255319
ALGM,1305284
ALGN,1060075
ALGS,247170
ALGT,235582
ALHC,800151
ALIT,2931880
ALK,1473535
ALKS,1498280
ALKT,270371
ALL,1879689
ALLE,711341
ALLG,145622
ALLK,1040754
ALLO,1852994
ALLT,154312
ALLY,6339121
ALNY,841799
ALPN,107076
ALPP,538270
ALRM,241761
ALSN,822083
ALT,1615750
ALTG,154483
ALTI,123966
ALTO,915090
ALTR,342682
ALV,964522
ALVR,284204
ALXO,190210
ALZN,308984
AM,2888514
AMAL,180766
AMAM,4044469
AMAT,7432793
AMBA,534188
AMBC,492570
AMBP,1681865
AMC,31112089
AMCR,7883753
AMCX,472968
AMD,69613839
AME,1039693
AMED,446227
AMEH,236691
AMG,307425
AMGN,2663596
AMH,2266664
AMK,111292
AMKR,1020326
AMLI,374599
AMLX,984713
AMN,722763
AMP,607070
AMPE,196166
AMPH,244016
AMPL,536021
AMPS,1023463
AMPX,542578
AMPY,565034
AMR,270910
AMRC,330878
AMRK,205708
AMRN,3815932
AMRS,5666665
AMRX,1116393
AMSC,199262
AMST,197466
AMSWA,145427
AMT,2069662
AMTD,820130
AMTI,250255
AMTX,616987
AMV,1884478
AMWD,104798
AMWL,1456580
AMX,1817159
AMYT,379202
AMZN,74265458
AN,887559
ANAB,252681
ANDE,226426
ANET,2413139
ANF,1679430
ANGI,1298807
ANGO,469834
ANNX,311779
ANSS,575766
ANY,873016
ANZU,197004
AOD,381887
AOGOW,116750
AOMR,118805
AON,821650
AORT,223454
AOS,1170260
AOSL,250646
APA,6653423
APAM,554753
APCX,264223
APD,1122470
APDN,1403001
APE,27011598
APEI,212674
APEN,1084575
APG,944226
APGB,458964
APGN,1099783
APH,2354048
API,794823
APLD,761281
APLE,1636447
APLS,1539500
APLT,318977
APO,2761150
APOG,115712
APP,3146969
APPF,125721
APPH,2795648
APPN,440650
APPS,2586704
APRN,6200671
APTO,309765
APTV,1871000
APTX,1689546
APVO,417092
APYX,263322
AQB,371286
AQMS,345996
AQN,5892002
AQNU,142558
AQST,308743
AQUA,1157292
AR,6756971
ARAV,455170
ARAY,346376
ARBE,548480
ARBK,477984
ARC,143462
ARCB,241791
ARCC,3086955
ARCE,181029
ARCH,472657
ARCO,830924
ARCT,501736
ARDC,103185
ARDS,847985
ARDX,8634275
ARE,947554
AREB,1407246
AREC,425328
ARES,1226648
ARGO,419947
ARGX,239746
ARHS,809132
ARI,1179965
ARIS,283597
ARKO,335838
ARLO,884477
ARLP,515125
ARMK,3066657
ARNC,946702
AROC,947158
ARQQ,1408553
ARQT,864552
ARR,6073559
ARRY,4323859
ARVL,11419027
ARVN,484798
ARW,491306
ARWR,995093
ASAI,408934
ASAN,3683766
ASB,1553609
ASC,884419
ASG,197238
ASGN,235445
ASH,396992
ASIX,146076
ASLE,240970
ASM,383176
ASMB,265340
ASML,1200606
ASND,385996
ASO,1522430
ASPI,125001
ASPN,910294
ASPS,178944
ASPU,528686
ASRT,1345894
ASST,393228
ASTE,121350
ASTI,250886
ASTL,1237744
ASTR,2118750
ASTS,1679931
ASUR,155586
ASX,7397148
ASXC,1291904
ATAI,1216828
ATAT,397677
ATCX,272004
ATEC,907424
ATEN,647738
ATER,1946375
ATEX,119406
ATGE,309115
ATHA,296602
ATHM,649658
ATHX,550842
ATI,1303331
ATIP,523628
ATKR,458567
ATLX,424814
ATNF,2187322
ATNM,476566
ATNX,154881
ATO,865437
ATOM,164066
ATOS,478084
ATR,229816
ATRA,1316874
ATRC,315674
ATRO,189033
ATSG,434841
ATUS,5535250
ATVI,6497319
ATXG,522104
ATXI,2103549
ATXS,191794
AU,3149486
AUB,491410
AUD,1079978
AULT,5809235
AUMN,483030
AUPH,2953790
AUR,2075030
AURA,107286
AUTL,544188
AUVI,1295434
AUY,16957471
AVA,813019
AVAH,467064
AVAL,130106
AVAV,184046
AVB,851517
AVD,161096
AVDL,636501
AVDX,1610310
AVGO,2324214
AVID,257925
AVIR,494498
AVK,125106
AVNS,235217
AVNT,594778
AVO,144351
AVPT,520873
AVRO,824773
AVT,655862
AVTA,498406
AVTE,110010
AVTR,6619256
AVXL,1700724
AVY,517753
AWF,217367
AWH,247753
AWI,371072
AWIN,818923
AWK,1047416
AWP,375978
AWR,180888
AX,406682
AXDX,318317
AXGN,226961
AXL,1210126
AXLA,894297
AXNX,636773
AXON,654570
AXP,3340099
AXS,571490
AXSM,1189371
AXTA,2432210
AXTI,238017
AY,629973
AYI,272559
AYRO,144329
AYX,1071206
AZEK,1900577
AZN,5194184
AZO,152842
AZPN,232497
AZRE,356946
AZTA,989990
AZUL,3099095
AZYO,136022
AZZ,149074
B,225234
BA,6924690
BABA,24910180
BAC,48373418
BACA,117314
BACK,151618
BAER,496055
BAH,1075607
BAK,521516
BALL,1875424
BALY,307043
BAM,1803243
BANC,432348
BAND,775956
BANF,109714
BANR,193562
BAP,421350
BARK,1168301
BASE,187322
BATRK,129664
BAX,5518634
BB,6640294
BBAI,4774762
BBAR,658270
BBBY,42906916
BBCP,135964
BBD,39201116
BBDC,491044
BBIG,6538470
BBIO,2182235
BBLG,268462
BBN,226833
BBVA,1695554
BBW,298026
BBWI,3520902
BBY,2732498
BC,596303
BCAB,644611
BCAT,442773
BCC,260158
BCE,1465056
BCEL,153073
BCH,178226
BCLI,278481
BCO,228397
BCOV,171782
BCRX,2858877
BCS,7215458
BCSF,189834
BCTX,222781
BCX,295987
BCYC,286216
BDC,275612
BDJ,440905
BDN,2556825
BDSX,160494
BDTX,167644
BDX,1287049
BDXB,131299
BE,2487685
BEAM,869053
BEAT,569957
BECN,498423
BEEM,149720
BEKE,11892032
BEN,3697456
BEP,381146
BEPC,740603
BERY,936300
BEST,189754
BFAC,103602
BFAM,470138
BFH,947919
BFK,162119
BFLY,1937232
BFRG,460179
BFRI,111895
BFZ,125318
BG,1565564
BGB,144508
BGCP,1645638
BGFV,325600
BGNE,254946
BGR,100032
BGRY,1142794
BGS,1291626
BGXX,2380212
BGY,326562
BHAT,248510
BHC,5046244
BHE,194694
BHF,515216
BHG,2241903
BHIL,566584
BHK,189024
BHLB,327486
BHP,3289471
BHR,500365
BHVN,1448370
BIAF,700504
BIDU,3837893
BIG,1199989
BIGC,1212826
BIGZ,1310504
BIIB,1204256
BILI,9827487
BILL,2386681
BIMI,101611
BIO,206423
BIOC,113760
BIOL,380046
BIOR,1205966
BIP,443930
BIPC,326842
BIRD,1989090
BITF,3683001
BIVI,762778
BJ,1604528
BJRI,298226
BK,5504438
BKCC,209249
BKD,2935380
BKE,457254
BKH,474830
BKI,1033350
BKKT,2365998
BKNG,343946
BKR,7579948
BKSY,703065
BKU,807463
BL,481611
BLACU,100847
BLBD,178627
BLBX,428009
BLCO,427741
BLD,287449
BLDE,440474
BLDP,3092644
BLDR,1908992
BLE,159343
BLEU,119532
BLFS,350298
BLK,792170
BLKB,263052
BLMN,1569104
BLND,1865184
BLNK,1672005
BLPH,1127238
BLRX,311435
BLU,595705
BLUE,3976449
BLZE,104660
BMA,217658
BMBL,2225604
BMEA,316569
BMEZ,439481
BMI,142688
BMO,647395
BMRN,1496838
BMY,8629194
BN,3222949
BNED,547347
BNGO,7028194
BNL,916493
BNR,199400
BNS,1846088
BNTC,460126
BNTX,818161
BODY,497523
BOE,188393
BOH,319472
BOKF,219602
BOLT,252877
BOOM,153757
BOOT,702536
BORR,1522398
BOWL,1054609
BOX,1424718
BOXD,6124420
BOXL,686609
BP,9604248
BPAC,121003
BPMC,635928
BPOP,679318
BPT,334984
BR,592432
BRBR,936988
BRC,215739
BRCC,515505
BRDG,138407
BRDS,7235185
BRFS,5634385
BRKH,234405
BRKL,575847
BRKR,673877
BRLT,137677
BRMK,1686731
BRO,1242382
BROS,1191381
BRP,349015
BRQS,2141757
BRSH,256989
BRSP,964390
BRTX,307277
BRW,116549
BRX,2473574
BRY,724395
BRZE,479193
BSAC,599140
BSBR,1701702
BSFC,1602265
BSGM,419228
BSIG,206790
BSM,787874
BSMX,110770
BST,143322
BSTZ,412569
BSX,7207593
BSY,793071
BTAI,371370
BTB,953096
BTBT,1655985
BTCM,394994
BTCY,212350
BTG,10149174
BTI,3424962
BTOG,122044
BTT,143940
BTU,4563139
BTZ,322038
BUD,1417526
BUR,299175
BURL,1170132
BUSE,160523
BV,321051
BVN,1278248
BVS,895750
BW,489623
BWA,2003958
BWACW,502180
BWAY,102332
BWEN,821198
BWV,1146818
BWXT,532795
BX,5338064
BXMT,2326634
BXMX,173354
BXP,1706093
BXRX,1263837
BXSL,867001
BY,106900
BYD,905048
BYFC,119440
BYM,100282
BYND,2744862
BYSI,592902
BYTS,119536
BZ,2788094
BZFD,6225119
BZH,296847
BZUN,812969
C,19157058
CAAS,183943
CABA,974478
CACC,111623
CACI,144956
CACO,381305
CADE,1401714
CAE,261452
CAG,4070258
CAH,2834569
CAKE,1024854
CAL,627289
CALA,195778
CALM,945698
CALX,634827
CAMP,266322
CAMT,129252
CAN,1949935
CANG,153258
CANO,10351381
CAPR,124910
CAR,713594
CARA,471466
CARG,1501853
CARR,4302344
CARS,437922
CASA,294415
CASH,243947
CASY,258964
CAT,3265501
CATO,159576
CATX,441053
CATY,339777
CB,1776478
CBAT,169006
CBAY,1113649
CBD,1150501
CBIO,931532
CBL,115844
CBOE,729975
CBRE,1607943
CBRL,473291
CBSH,415644
CBT,317912
CBU,243690
CBZ,232884
CC,1291796
CCCC,507395
CCCS,878697
CCEP,1150898
CCI,2268556
CCJ,5351690
CCK,1338892
CCL,50273259
CCLP,111427
CCO,2380931
CCOI,304563
CCRN,734915
CCS,292235
CCSI,124023
CCU,187197
CCV,287938
CCVI,254192
CD,1504170
CDAK,554811
CDAY,1416149
CDE,5548795
CDIO,2039685
CDLX,805386
CDMO,630863
CDNA,1222592
CDNS,1765749
CDRE,117810
CDTX,1913306
CDW,717762
CDXC,237685
CDXS,734802
CDZI,181025
CE,1111097
CEAD,134867
CECO,327581
CEG,2023701
CEI,1550078
CEIX,829027
CELH,990338
CELU,493082
CELZ,1529870
CEMI,604625
CENN,4542648
CENTA,165810
CENX,2029515
CEPU,198360
CEQP,558881
CERE,585462
CERS,1407828
CERT,1030625
CEVA,114281
CF,2755116
CFB,113998
CFFN,847740
CFG,4986381
CFLT,3240130
CFR,498747
CFRX,334899
CG,3298075
CGAU,166403
CGBD,279711
CGC,11977044
CGEM,176201
CGEN,668831
CGNT,884054
CGNX,827674
CGTX,140277
CHAA,119617
CHCT,122315
CHD,1461155
CHDN,185932
CHEF,407952
CHGG,2176377
CHH,379699
CHI,174083
CHK,1760737
CHKP,827250
CHMI,364827
CHPT,8999152
CHRD,526423
CHRS,1145131
CHRW,1467770
CHS,2322590
CHT,183920
CHTR,1348039
CHW,200382
CHWY,4135379
CHX,1811854
CHY,159363
CI,1789905
CIB,328647
CIDM,667149
CIEN,1779993
CIFR,1069415
CIG,6711614
CII,100472
CIK,228909
CIM,2301248
CINF,744006
CING,465112
CIO,304210
CION,238996
CIR,103188
CISO,1578908
CIVI,731759
CJJD,424773
CKPT,141145
CL,4151314
CLAR,481337
CLB,381673
CLBK,166060
CLBT,186290
CLDT,271969
CLDX,498693
CLEU,221069
CLF,11889280
CLFD,386202
CLH,388784
CLLS,120686
CLM,1555535
CLMT,151894
CLNE,2485095
CLNN,714040
CLOV,7090891
CLRO,669228
CLS,443035
CLSD,220060
CLSK,3606885
CLVR,319527
CLVT,6769698
CLW,113305
CLX,1161580
CLXT,1176260
CM,1126448
CMA,2414277
CMAX,558093
CMBM,113563
CMC,1106577
CMCO,132060
CMCSA,23012903
CME,2004182
CMG,294674
CMI,1005723
CMLS,147082
CMMB,468567
CMND,195265
CMP,369041
CMPO,154329
CMPR,143375
CMPS,277040
CMPX,268210
CMRE,629172
CMRX,897007
CMS,1997443
CMTG,334452
CMTL,145794
CNA,201365
CNC,3717898
CNDB,100952
CNDT,876400
CNET,119666
CNEY,992700
CNHI,4394118
CNI,1079018
CNK,3339372
CNM,773821
CNMD,409617
CNNE,470660
CNO,852942
CNOB,152511
CNP,3966277
CNQ,2298519
CNS,135344
CNSL,420815
CNTA,136910
CNTB,226872
CNTX,1066998
CNX,3173081
CNXA,1075908
CNXC,223249
COCO,240617
CODI,232690
CODX,150567
COEP,203522
COF,3188469
COGT,697313
COHR,1421719
COHU,252382
COIN,17220174
COLB,1869678
COLD,1479969
COLL,360268
COLM,331354
COMM,2857994
COMP,3159624
COMS,820384
CONN,341715
CONX,105677
COO,325819
COOK,602023
COOP,623574
COP,6720796
CORT,741038
COSM,32038797
COST,2096128
COTY,6000608
COUR,795857
CP,1942798
CPA,358028
CPAA,102973
CPB,2448979
CPE,1391709
CPF,183209
CPG,8238124
CPHI,182543
CPNG,7798307
CPRI,2266017
CPRT,2019786
CPRX,2267768
CPS,183010
CPT,906343
CPTK,116286
CPTN,432300
CPUH,268865
CQP,252719
CR,314150
CRBG,1577560
CRBP,304558
CRBU,530542
CRC,724200
CRCT,130206
CRDF,248939
CRDL,146020
CRDO,1752376
CREC,112542
CRESY,118413
CRF,791317
CRGE,437786
CRGY,403390
CRH,633102
CRI,695616
CRIS,658059
CRK,4466355
CRKN,4958846
CRL,600060
CRM,9003164
CRMD,215220
CRNC,457785
CRNT,231916
CRNX,365730
CRON,1846610
CROX,1653777
CRS,318875
CRSP,1062728
CRSR,536972
CRTO,282223
CRUS,533058
CRVS,127461
CRWD,4900031
CS,34731847
CSAN,397964
CSCO,18844351
CSGP,2404423
CSGS,170783
CSII,541748
CSIQ,1060468
CSL,440169
CSQ,222648
CSTE,113086
CSTL,178877
CSTM,997891
CSV,113906
CSWC,295347
CSX,14421851
CTAS,376038
CTBB,115686
CTIB,106992
CTIC,3197675
CTKB,628837
CTLP,512560
CTLT,2729011
CTM,263059
CTMX,2032870
CTO,190892
CTOS,265239
CTRA,9438415
CTRE,639490
CTRM,1013318
CTRN,156742
CTS,168860
CTSH,4448798
CTSO,140760
CTV,250227
CTVA,3348431
CTXR,659645
CUBE,2234938
CUBI,569741
CUE,150662
CUK,2316862
CURI,114637
CURO,146632
CURV,179432
CUTR,449013
CUZ,1489502
CVAC,821790
CVBF,837858
CVE,7070586
CVGI,125823
CVGW,139457
CVI,864927
CVII,615642
CVKD,310557
CVLG,116639
CVLT,292148
CVM,156134
CVNA,23656610
CVRX,204163
CVS,7651921
CVT,1014719
CVX,8425106
CW,187203
CWAN,525860
CWEN,648442
CWH,1049556
CWK,2287756
CWST,229410
CWT,239454
CX,5434610
CXE,116569
CXM,738431
CXW,1062319
CYAD,871225
CYBN,1328777
CYBR,451496
CYCN,264255
CYH,2635793
CYN,187635
CYRX,477776
CYTK,1064649
CYTO,343216
CYXT,659201
CZOO,190497
CZR,3583888
D,5432040
DAC,167748
DADA,1750344
DAKT,288419
DAL,10077849
DAN,1137165
DAO,229094
DAR,1593226
DARE,276906
DASH,5193711
DATS,217454
DAVA,283710
DAWN,574230
DB,5190675
DBD,2472229
DBGI,1573407
DBI,1762040
DBRG,1730214
DBVT,145602
DBX,2880072
DC,175129
DCFC,2263565
DCGO,753059
DCI,426077
DCOM,139052
DCP,1261156
DCPH,689017
DD,3115003
DDD,1298719
DDL,890706
DDOG,4893983
DDS,142721
DE,1511531
DEA,942643
DECK,401343
DEI,2173003
DELL,3506888
DEN,676314
DENN,663412
DEO,393392
DESP,358573
DFH,161941
DFIN,206628
DFLI,138193
DFS,2210717
DG,1969361
DGHI,119900
DGII,327333
DGX,1149353
DH,791409
DHC,4051004
DHCA,145618
DHF,379574
DHHC,235969
DHI,2919014
DHR,2635535
DHT,2425860
DHX,175902
DHY,441345
DIBS,153915
DICE,686315
DIN,249448
DINO,2300160
DIOD,230315
DIS,12734623
DISH,5470217
DK,1472116
DKNG,16080000
DKS,1513277
DLB,401523
DLO,2718222
DLR,2185960
DLTH,143145
DLTR,2259906
DLX,240293
DLY,215677
DM,3860639
DMLP,102806
DMTK,629911
DMYS,137505
DNA,22578485
DNAB,137786
DNAD,118912
DNB,2310215
DNLI,743041
DNMR,1328939
DNN,4734616
DNOW,692770
DNP,467331
DNUT,944529
DO,1089111
DOC,1878099
DOCN,1460045
DOCS,1907160
DOCU,5181105
DOLE,397020
DOMA,746537
DOMO,620681
DOOR,148167
DORM,110370
DOUG,470827
DOV,910036
DOW,5301906
DOX,628165
DOYU,1216277
DPCS,111641
DPRO,505973
DPZ,746192
DQ,1275379
DRD,258048
DRH,1991531
DRI,1233407
DRIO,150076
DRMA,469355
DRQ,287873
DRS,698217
DRTT,134729
DRUG,405003
DRVN,552183
DSAQ,114081
DSEY,1615131
DSGN,478776
DSGX,161703
DSKE,325057
DSL,466189
DSM,180232
DSS,199349
DSU,146006
DSX,725181
DT,2427323
DTC,286430
DTE,1480099
DTIL,615191
DTM,620756
DTOC,140616
DUK,3170298
DUO,634809
DUOL,473893
DV,1416736
DVA,759981
DVAX,1648686
DVN,10285432
DWAC,1439130
DX,1152049
DXC,1892780
DXCM,2690144
DXF,211485
DXLG,691374
DY,489623
DYN,295515
DZSI,154669
E,445329
EA,2188188
EAD,167421
EAF,1832023
EAST,127701
EAT,994044
EB,974023
EBAY,5433058
EBC,905948
EBET,1477502
EBF,109427
EBIX,431461
EBR,2085162
EBS,1227033
EC,2289927
ECAT,430138
ECC,405627
ECL,1310356
ECPG,249287
ECVT,774435
ED,1833863
EDBL,399508
EDD,177685
EDIT,1745790
EDR,1561944
EDSA,298315
EDU,2428961
EE,332998
EEFT,336647
EFC,833143
EFOI,337645
EFSC,154478
EFSH,436591
EFTR,235583
EFX,913594
EFXT,123465
EGBN,196800
EGHT,1989918
EGIO,1028812
EGLE,280286
EGLX,285019
EGO,1829095
EGP,255440
EGRX,163011
EGY,1934381
EH,1444156
EHAB,631638
EHC,771449
EHTH,761756
EIG,131819
EIGR,783723
EIM,194385
EIX,2007822
EJH,1692561
EL,1737627
ELAN,7353469
ELEV,282728
ELF,808039
ELME,451415
ELP,597431
ELS,881652
ELV,1118223
ELYS,2282639
EMAN,321143
EMBC,731865
EMBK,240219
EMD,208977
EME,318809
EMKR,372259
EMLD,111223
EMN,1012935
EMR,3569174
EMX,122853
ENB,3768631
ENFN,366838
ENG,134742
ENIC,474004
ENLC,2335747
ENLT,190182
ENOV,401481
ENPH,4029516
ENR,529900
ENS,215389
ENSC,1741784
ENSG,256577
ENSV,329760
ENTA,174364
ENTG,1775764
ENTX,183478
ENV,485768
ENVA,228395
ENVX,4326802
ENZ,426524
EOCW,228922
EOG,3845565
EOLS,464385
EOS,129154
EOSE,2443423
EPAC,398944
EPAM,413680
EPC,369141
EPD,5137369
EPIX,1811609
EPM,233315
EPR,515361
EPRT,918165
EPSN,123868
EQ,124019
EQC,1132079
EQH,2707803
EQIX,437223
EQNR,3348773
EQR,2236135
EQRX,2910119
EQT,6829981
EQX,2364986
ERAS,1005734
ERF,1392673
ERIC,10489903
ERIE,100779
ERII,386754
ERJ,1483790
ES,1722875
ESAB,330326
ESI,1249481
ESMT,536473
ESNT,488230
ESPR,2823294
ESRT,1308423
ESS,561468
ESTA,173121
ESTC,1358081
ESTE,1570405
ET,14852315
ETAO,223867
ETD,293102
ETG,154160
ETJ,204306
ETN,1909786
ETNB,1491589
ETR,1368636
ETRN,4115836
ETSY,3288193
ETV,248785
ETW,293882
ETWO,1667027
ETY,273952
EU,185825
EUDA,678406
EURN,2043319
EVA,621141
EVAX,339395
EVBG,487778
EVC,270117
EVCM,244558
EVER,331212
EVGO,2272359
EVH,1056244
EVLO,142026
EVLV,634012
EVN,137327
EVR,450777
EVRG,1771525
EVRI,651435
EVT,105536
EVTC,346162
EVTL,494254
EVV,338002
EW,4355828
EWBC,1175137
EWCZ,392902
EWTX,180074
EXAI,250122
EXAS,2415900
EXC,7877888
EXEL,2776351
EXFY,342280
EXG,643935
EXK,2368885
EXLS,219361
EXP,269740
EXPD,1497082
EXPE,2579677
EXPI,989862
EXPO,289869
EXPR,2450498
EXR,1015932
EXTR,1278839
EYE,979602
EYEN,210375
EYPT,224365
EZPW,651355
F,62986407
FA,428212
FACT,147024
FAF,679504
FAMI,329734
FANG,2528737
FARO,143333
FAST,3432068
FATE,2810347
FATH,103671
FAX,992599
FAZE,983016
FBIN,1639491
FBIO,464390
FBK,151137
FBMS,141314
FBNC,190256
FBP,1468384
FBRT,307698
FCEL,10539793
FCF,622379
FCFS,224590
FCN,284359
FCNCA,138484
FCPT,462001
FCT,117346
FCX,13576743
FDMT,440306
FDP,185757
FDS,245688
FDX,2615159
FE,3704640
FEAM,192750
FEI,129327
FELE,169824
FERG,2010130
FF,191027
FFBC,357467
FFC,144434
FFIC,147840
FFIE,43922478
FFIN,549085
FFIV,522412
FFWM,587392
FG,310133
FGEN,883698
FHB,651137
FHI,718675
FHN,6733862
FIAC,121528
FIBK,640152
FICO,255965
FIGS,3990880
FINV,865772
FIP,618054
FIS,6830810
FISV,3691617
FITB,6827009
FIVE,816611
FIVN,1502935
FIX,225478
FIXX,170262
FIZZ,145769
FL,2606735
FLEX,4524864
FLGC,1288140
FLGT,259375
FLJ,329323
FLL,108211
FLME,234219
FLNC,1045056
FLNG,526426
FLNT,134209
FLO,1857754
FLR,1591676
FLS,947611
FLT,613422
FLWS,641211
FLYW,872794
FMC,801959
FMIV,145786
FMNB,151234
FMS,1086341
FMX,653714
FN,203659
FNA,279095
FNB,2655631
FNCH,116449
FND,1568167
FNF,1604509
FNGR,1739194
FNKO,925444
FNV,658054
FOA,114976
FOCS,773936
FOLD,2236119
FOR,106948
FORG,1541802
FORM,564435
FOSL,563562
FOUR,1199394
FOX,1255544
FOXA,2908516
FOXF,210980
FOXO,1981432
FPF,201590
FPH,138049
FPI,418636
FR,986041
FRA,131128
FRBK,308144
FRC,15592477
FREE,413955
FREQ,482898
FREY,2672439
FRG,549902
FRGE,508642
FRGT,427584
FRHC,178815
FRME,176442
FRO,4156282
FROG,726460
FRPT,750781
FRSH,1463797
FRSX,235942
FRT,577250
FRTX,467473
FRXB,276426
FRZA,588948
FSD,107872
FSK,1117206
FSLR,2806210
FSLY,3955465
FSM,4561017
FSNB,242610
FSP,1292323
FSR,6101100
FSRX,123727
FSS,331069
FTAI,1071115
FTCH,14068869
FTCI,1239831
FTDR,849821
FTF,150735
FTFT,180516
FTHY,121715
FTI,6776744
FTK,326565
FTNT,5255141
FTS,703154
FTV,1872372
FUBO,11415373
FUL,363122
FULC,919755
FULT,1060932
FUN,239598
FURY,152627
FUSN,209613
FUTU,2947235
FUV,329174
FVRR,604553
FWAC,109002
FWBI,321134
FWONA,211593
FWONK,950663
FWRD,186300
FWRG,234636
FXLV,511063
FYBR,1329316
G,864174
GAB,478658
GAIN,132708
GAMC,101162
GAMCW,120529
GAME,195645
GAN,236553
GASS,191848
GATO,403998
GATX,142060
GAU,406726
GBCI,470060
GBDC,768615
GBIO,330460
GBNH,151264
GBTG,140578
GBX,322840
GCI,1197328
GCMG,244969
GCO,165785
GCT,514467
GD,1098788
GDDY,920002
GDEN,176672
GDOT,438972
GDRX,1793051
GDS,1601319
GDV,156909
GDYN,467860
GE,7778234
GEF,222257
GEHC,2927060
GEL,517656
GEN,4483443
GENE,1137861
GENI,949310
GEO,2412971
GERN,6489598
GES,737202
GETR,546787
GETY,412757
GEVO,6810976
GFAI,133606
GFF,461712
GFI,8400809
GFL,1359323
GFS,1893723
GGAL,623704
GGB,11637798
GGE,512435
GGG,903858
GGN,526530
GGR,274728
GH,1750336
GHIX,144237
GHY,157470
GIB,144911
GIII,922514
GIL,565685
GILD,7190762
GILT,151933
GIM,276934
GIS,3671989
GKOS,394761
GL,571956
GLAD,143686
GLBE,1214191
GLBS,172366
GLDD,576754
GLDG,1045597
GLG,369932
GLNG,1137727
GLO,332010
GLOB,350528
GLOP,427860
GLP,182635
GLPG,229151
GLPI,1277126
GLQ,125120
GLS,263631
GLT,705831
GLUE,143086
GLW,4420227
GLYC,974498
GM,14583098
GMAB,605961
GMBL,284228
GMDA,787532
GME,5279056
GMED,1013993
GMRE,619283
GMS,244454
GMVD,471167
GNK,995510
GNL,699447
GNLN,507217
GNLX,171964
GNPX,261428
GNRC,1819880
GNS,10631840
GNTX,1148649
GNUS,270051
GNW,3430557
GO,1103791
GOEV,15740176
GOF,482394
GOGL,2126744
GOGO,699451
GOL,1610510
GOLD,20098588
GOLF,325723
GOOD,277730
GOOG,29551909
GOOGL,35883635
GOOS,1912238
GORO,828789
GOSS,4446131
GOTU,5308140
GOVX,1388791
GP,156886
GPC,1050060
GPCR,112592
GPI,197185
GPK,3094014
GPMT,867258
GPN,2111327
GPOR,119830
GPRE,910615
GPRK,195648
GPRO,1558603
GPS,8370281
GRAB,15931102
GRBK,342923
GRCL,234065
GREE,1144547
GRFS,1178988
GRIL,419718
GRIN,265152
GRMN,965761
GRNA,352277
GRNAW,196221
GRND,400240
GRNT,110839
GROM,1578223
GROV,1262444
GROY,523132
GRPH,229454
GRPN,1047020
GRRR,106790
GRTS,954323
GRTX,372856
GRWG,1921504
GS,2679584
GSAT,4828504
GSBD,583520
GSHD,273248
GSK,4819315
GSL,518165
GSM,1626991
GSMG,123070
GSUN,1968873
GT,4389990
GTE,4123636
GTES,777368
GTH,118170
GTHX,1197292
GTLB,2320702
GTLS,850683
GTN,836986
GTX,188405
GTY,339762
GUG,127486
GUT,120928
GVA,321794
GWAV,124269
GWH,1427604
GWRE,1007263
GWW,296789
GXO,961390
H,824244
HA,1162144
HAE,410149
HAFC,179690
HAIN,977869
HAL,9908600
HALO,1380784
HARP,1247178
HAS,1900792
HASI,772831
HAYW,1694675
HBAN,18802030
HBI,11557019
HBIO,108819
HBM,2325981
HBNC,228921
HCA,1314644
HCAT,701259
HCC,625019
HCCI,124419
HCI,138640
HCKT,185132
HCM,440057
HCMA,103304
HCNE,136324
HCP,1517048
HCSG,732452
HCTI,1479363
HD,3939073
HDB,1351347
HDSN,589845
HE,400989
HEAR,260745
HEES,238881
HEI,319306
HELE,450087
HEP,158470
HEPA,481587
HEPS,655025
HES,1880241
HESM,398750
HEXO,850257
HFRO,202485
HFWA,225483
HGEN,3443285
HGTY,164902
HGV,857515
HHC,265569
HHLA,122381
HI,364969
HIBB,298423
HIG,1980598
HII,408882
HILS,1720441
HIMS,2268880
HIMX,1122394
HIO,299784
HIPO,116808
HITI,229183
HIVE,1232899
HIW,977240
HIX,213182
HKD,2035538
HL,8860739
HLBZ,39750062
HLF,1580398
HLGN,2319374
HLI,364916
HLIO,135290
HLIT,1532060
HLLY,778368
HLMN,1424349
HLN,6244073
HLNE,207104
HLT,1740637
HLTH,316235
HLX,1918406
HMC,1122272
HMN,220659
HMST,166648
HMY,4635048
HNI,240588
HNRG,204025
HNST,1046246
HOG,1596219
HOLI,228861
HOLO,429256
HOLX,1600465
HOMB,991152
HON,3101263
HONE,167977
HOOD,8674723
HOOK,639751
HOPE,812190
HOTH,763399
HOUS,1653194
HOWL,213394
HP,1243110
HPCO,2045458
HPE,13951408
HPK,207927
HPP,2600305
HPQ,7102555
HQH,148798
HQY,830850
HR,2875528
HRB,1621830
HRI,262970
HRL,1829781
HRMY,668407
HROW,293130
HRT,307269
HRTG,163990
HRTX,2210435
HRZN,205451
HSAI,614466
HSBC,2691144
HSC,650414
HSCS,1358115
HSDT,650711
HSIC,969959
HSII,121197
HSKA,109850
HST,7351635
HSTM,121670
HSTO,585869
HSY,1008242
HT,519617
HTBK,268795
HTCR,380024
HTGC,1209569
HTGM,836745
HTH,384094
HTHT,1614752
HTLD,280194
HTLF,159475
HTOO,137980
HTZ,3370965
HUBB,502925
HUBG,218878
HUBS,732278
HUDI,717762
HUGE,115282
HUM,1025070
HUMA,324883
HUN,2210873
HURN,125329
HUSA,396780
HUT,9263686
HUYA,2003560
HVT,142172
HWC,550228
HWM,3020168
HXL,579252
HYFM,772157
HYLN,1126080
HYMC,3479038
HYPR,841003
HYT,631342
HYZN,1120106
HZNP,3190041
HZO,434969
IAC,1098569
IAG,5792473
IART,534276
IAS,379142
IAUX,746135
IBIO,1878149
IBKR,1177956
IBM,4910728
IBN,7713760
IBOC,274150
IBP,212986
IBRX,2419848
IBTX,174027
ICAD,171068
ICCM,1848438
ICD,165402
ICE,2628754
ICHR,182479
ICL,1348031
ICLR,562728
ICPT,762943
ICU,307209
ICUI,184096
ICVX,630727
IDA,216235
IDCC,335354
IDEX,12174523
IDT,107281
IDXX,479856
IDYA,414119
IE,279695
IEP,504079
IEX,393077
IFBD,173571
IFF,1975814
IFN,112632
IGC,152788
IGD,260506
IGMS,205431
IGR,513581
IGT,1255706
IHG,154077
IHRT,788906
IHS,219271
III,166068
IIIN,125170
IIIV,149306
IIM,158207
IIPR,351573
IKT,266531
ILAG,1090317
ILMN,1357827
ILPT,1235107
IMAB,519019
IMAX,694560
IMBI,495167
IMCR,323897
IMGN,3584715
IMMP,127039
IMMR,340758
IMMX,645019
IMO,481311
IMPP,7120867
IMRN,176660
IMTE,164169
IMTX,197825
IMUX,2510052
IMV,347253
IMVT,1168901
IMXI,390587
INBX,569599
INCY,1536165
INDB,225548
INDI,1649269
INDO,385654
INFA,425638
INFI,784832
INFN,2323883
INFY,8108385
ING,4532230
INGN,228856
INGR,306090
INM,904229
INMD,1443483
INN,649686
INO,5140867
INPX,1945123
INSE,145423
INSG,671797
INSM,1403143
INSP,315894
INST,189052
INSW,635913
INT,394915
INTA,168502
INTC,43414549
INTR,434286
INTU,1695349
INUV,267046
INVA,654711
INVE,119973
INVH,3636155
INVO,113704
INVZ,1456727
INZY,832340
IONQ,2998430
IONS,994263
IOT,2086023
IOVA,4022134
IP,3291194
IPAR,111535
IPG,3459378
IPGP,272252
IPI,230094
IPSC,160203
IQ,17480403
IQI,148538
IQV,1006609
IR,2489445
IRBT,401246
IRDM,627585
IREN,566119
IRM,1409902
IRNT,1538021
IRT,1987985
IRTC,363435
IRWD,1958541
ISD,119073
ISEE,2653156
ISPO,207980
ISRG,1954869
ISRL,178161
ISUN,125990
IT,445017
ITCI,691694
ITGR,298365
ITOS,293643
ITRI,281355
ITRM,215947
ITT,461467
ITUB,39175021
ITW,1107757
IVCB,103098
IVDA,590697
IVR,920907
IVT,223876
IVVD,268806
IVZ,5092006
IZEA,140556
J,601127
JACK,358028
JAGX,734757
JAMF,390298
JAN,215346
JANX,100886
JAZZ,533500
JBGS,1544251
JBHT,722358
JBI,408763
JBL,1284907
JBLU,9637190
JBT,185862
JCI,3784331
JCSE,236640
JD,9741165
JEF,1432609
JELD,743974
JEWL,256762
JFBR,258973
JFR,210979
JG,152268
JHG,1213661
JHX,112302
JKHY,557460
JKS,934410
JLL,305307
JMIA,2316520
JNCE,2084719
JNJ,7328085
JNPR,3608402
JOAN,198153
JOB,456109
JOBY,3212500
JOE,187483
JPC,328407
JPM,12679838
JPS,657789
JQC,530029
JRO,152254
JRVR,188960
JSPR,2030081
JUGG,114302
JUPW,302435
JWEL,553655
JWN,5694403
JWSM,433009
JXN,1060149
JYNT,162673
JZ,417005
JZXN,1687135
K,2175119
KAL,407679
KALA,1538680
KALU,146444
KALV,401116
KAMN,196660
KAR,799581
KAVL,106913
KB,232954
KBAL,337292
KBH,1519960
KBR,1049628
KC,2244165
KD,1927631
KDNY,540372
KDP,7460601
KELYA,174038
KEP,266331
KERN,469805
KEX,376823
KEY,15700512
KEYS,1042955
KFRC,154356
KFY,310365
KGC,16330055
KHC,6829903
KIDS,124794
KIM,4672240
KIND,1262365
KIO,177258
KIRK,224805
KITT,497281
KKR,3249592
KLAC,1433824
KLIC,499906
KLTR,108291
KLXE,252808
KMB,1657007
KMF,132127
KMI,14877672
KMPR,362356
KMT,855341
KMX,2559970
KN,860486
KNDI,218394
KNOP,362747
KNSA,385853
KNSL,162141
KNTE,147877
KNTK,238888
KNW,111144
KNX,1963967
KO,13625362
KOD,301393
KODK,655791
KOF,207986
KOPN,519555
KORE,116414
KOS,6109367
KPLT,277506
KPRX,995457
KPTI,2418769
KR,5765707
KRC,1100702
KREF,513173
KRG,1634710
KRNT,379287
KRNY,283115
KRO,298265
KRON,247476
KROS,224544
KRP,408356
KRTX,351911
KRUS,132038
KRYS,175287
KSCP,354410
KSPN,367813
KSS,4031952
KT,1007680
KTB,473042
KTOS,840547
KTRA,218352
KULR,545156
KURA,885252
KVSA,112419
KVSC,256697
KW,980785
KXIN,203100
KYMR,645081
KYN,478178
KZIA,202392
KZR,754328
L,847030
LAB,242382
LABP,467702
LAC,2355648
LAD,399544
LADR,791569
LAMR,513404
LANC,183706
LAND,210682
LANV,188507
LASE,2208944
LASR,261922
LAUR,1352958
LAW,407508
LAZ,764405
LAZR,9463338
LAZY,114056
LBAI,283832
LBRDA,207107
LBRDK,1160168
LBRT,2772019
LBTYA,1651095
LBTYK,1858344
LC,1926137
LCA,127787
LCAA,464290
LCID,26896234
LCII,215125
LCTX,357842
LDI,493940
LDOS,846092
LDP,113578
LE,209865
LEA,565082
LECO,365047
LEG,894193
LEGN,652869
LEN,2275383
LEO,177994
LESL,3157749
LEU,161875
LEV,1186211
LEVI,2162287
LFCR,449053
LFLY,356987
LFMD,103865
LFST,563749
LGHL,845335
LGIH,228819
LGMK,1688810
LGND,175841
LGVC,111341
LH,706215
LHX,1279992
LI,10455565
LIAN,211137
LICN,809363
LICY,1341220
LIDR,828164
LIFE,192133
LIFW,156155
LII,316094
LILA,255777
LILAK,1258772
LILM,1457205
LIN,2208321
LIND,322960
LIPO,852731
LITE,1010666
LITM,295623
LITT,123710
LIVN,480815
LIXT,681534
LIZI,385310
LKFN,105498
LKQ,1547343
LL,599896
LLAP,3791408
LLY,3009365
LMDX,239149
LMFA,124328
LMND,1050005
LMT,1433318
LNC,3191557
LNG,2091494
LNT,1605359
LNTH,1228736
LNW,527573
LNZA,180706
LOB,312415
LOCL,473331
LOCO,236540
LODE,758654
LOGI,694398
LOMA,191461
LOOP,117179
LOPE,221101
LOVE,452302
LOW,3255571
LPCN,156823
LPG,599921
LPL,338700
LPLA,979223
LPRO,932551
LPSN,1341837
LPTX,685358
LPX,844337
LQDA,498073
LQDT,183639
LRCX,1655002
LRMR,151889
LRN,554665
LSCC,1581493
LSDI,412894
LSI,856575
LSPD,1096001
LSTR,289852
LSXMA,960255
LSXMK,983388
LTC,281048
LTCH,536094
LTH,571174
LTHM,3227985
LTRPA,409333
LTRX,159386
LTRY,819035
LU,16851134
LUCY,1593547
LULU,1829948
LUMN,29754353
LUNA,187531
LUNG,594959
LUNR,641392
LUV,6438356
LVLU,126043
LVO,249509
LVS,5771833
LW,1557744
LWLG,668127
LX,764990
LXEH,104296
LXP,1893461
LXRX,417315
LXU,967760
LYB,2105544
LYEL,1052223
LYFT,18322145
LYG,9775154
LYT,918099
LYTS,184985
LYV,2169447
LZ,1037309
LZB,356298
M,9898948
MA,2834255
MAA,738560
MAC,2062891
MACK,419141
MAG,530852
MAIN,324499
MAN,339573
MANH,301485
MANU,1877707
MAPS,997392
MAR,1915566
MARA,26736352
MARK,700462
MAS,1846860
MASI,491607
MASS,292879
MAT,3518886
MATV,382035
MATW,132035
MATX,340429
MAX,231649
MAXN,674189
MAXR,1180291
MBAC,129794
MBC,2623483
MBI,381482
MBIO,401638
MBLY,2132428
MBSC,100883
MBUU,119419
MC,586440
MCAAW,100027
MCB,192689
MCD,2888767
MCFT,151828
MCHP,4938868
MCK,1018258
MCLD,187443
MCO,830206
MCRB,853786
MCS,290480
MCW,1386948
MCY,330890
MD,627274
MDB,1937331
MDC,668512
MDGL,501283
MDLZ,6270022
MDNA,138148
MDRX,1256105
MDT,6751652
MDU,921796
MDVL,139927
MDXG,527982
ME,2455323
MED,168232
MEDP,358888
MEDS,242770
MEG,176319
MEGI,203623
MEGL,866857
MEI,148975
MEIP,1201248
MELI,581120
MEOH,355294
MERC,437728
MESA,457582
MESO,127531
MET,4513549
META,38788357
METC,450061
METX,415066
MF,167447
MFA,1488823
MFC,3591681
MFG,1379701
MFIC,214981
MFM,130623
MGA,1178370
MGAM,1735534
MGI,1364455
MGM,4589972
MGNI,1832082
MGNX,816985
MGOL,1484945
MGPI,137716
MGRC,125281
MGTA,1516309
MGTX,170189
MGY,1858271
MHD,169590
MHI,119374
MHK,586285
MHLD,113608
MHO,253496
MIDD,558330
MIN,268365
MINM,980910
MIR,1569708
MIRM,347027
MIST,431115
MITK,260982
MITQ,122686
MITT,178705
MKC,1366250
MKFG,755223
MKSI,738122
MKTW,111047
MKTX,352078
MKUL,823057
ML,790701
MLCO,4927877
MLEC,128685
MLGO,1613701
MLI,378213
MLKN,837645
MLM,376813
MLNK,123173
MLTX,125348
MLYS,350438
MMAT,10385463
MMC,1665908
MMD,102619
MMI,159437
MMM,3260428
MMP,898917
MMS,390829
MMSI,274139
MMT,123615
MMU,111526
MMV,529982
MMYT,302043
MNDY,660976
MNKD,3841087
MNMD,603015
MNRO,278858
MNSO,1282488
MNST,4357434
MNTK,387256
MNTS,530265
MNTV,2642709
MO,8410832
MOB,420899
MOBQ,288869
MOD,445238
MODG,1542004
MODN,345268
MOGO,159410
MOH,522701
MOMO,2427051
MOR,138502
MORF,305577
MORN,101660
MOS,4149316
MOTS,877878
MOV,152738
MP,1987385
MPAA,168929
MPC,3813963
MPLN,2224789
MPLX,1748353
MPW,16208202
MPWR,630873
MQ,6133001
MQY,232968
MRC,600110
MRCY,340502
MREO,711191
MRIN,595987
MRK,9143119
MRNA,4580710
MRNS,382486
MRO,11217910
MRSN,1164317
MRTN,299901
MRTX,1446181
MRUS,289060
MRVI,1798798
MRVL,12060345
MS,7556938
MSA,114546
MSCI,435782
MSEX,142113
MSFT,31244533
MSGE,223244
MSGM,764654
MSGS,172762
MSI,697284
MSM,335126
MSTR,659572
MT,2544889
MTA,168415
MTB,1660985
MTC,701450
MTCH,4359527
MTDR,1230749
MTEM,454006
MTG,3285981
MTH,390117
MTLS,222373
MTN,444024
MTNB,349052
MTRN,139541
MTRX,149904
MTSI,453552
MTTR,3271424
MTVC,189931
MTW,280249
MTX,157152
MTZ,698166
MU,16290556
MUA,166408
MUC,336371
MUFG,4834371
MUI,269155
MUJ,167277
MULN,216841539
MUR,1578031
MUSA,314848
MUX,427320
MVF,193655
MVIS,1923939
MVLA,390365
MVST,2399302
MWA,887045
MX,347370
MXCT,458948
MXL,537457
MYD,152107
MYE,161861
MYGN,676555
MYI,211027
MYMD,300836
MYN,106400
MYO,944567
MYPS,235437
MYRG,103508
NAAS,226363
NABL,394040
NAC,427269
NAD,840685
NAK,1167485
NAMS,107200
NAPA,537288
NARI,732195
NAT,4009767
NATI,1352346
NAUT,141201
NAVB,110922
NAVI,1049159
NBHC,284203
NBIX,810254
NBR,174554
NBSE,274767
NBTB,188659
NBXG,327704
NCLH,16664469
NCMI,1702486
NCNA,116323
NCNO,773581
NCPL,367016
NCR,1085716
NCTY,327473
NCV,383105
NCZ,632719
NDAQ,2255410
NDLS,161052
NDMO,257847
NDSN,253683
NE,1807133
NEA,1123767
NEE,8072817
NEGG,1221072
NEM,7807841
NEO,1191913
NEOG,3076070
NEON,238267
NEP,615802
NEPT,575660
NERV,195180
NESR,241753
NET,5146811
NETC,118810
NETI,293633
NEWP,116186
NEWR,543915
NEWT,241548
NEX,3780052
NEXA,150002
NEXI,745950
NEXT,594327
NFBK,156380
NFE,1557476
NFG,510234
NFGC,176594
NFJ,261526
NFLX,9643094
NFTG,161365
NG,1201560
NGD,3255343
NGG,403694
NGL,805423
NGM,658558
NGMS,123506
NGVT,203744
NHI,268037
NI,4348115
NICE,248396
NINE,1441652
NIO,53329496
NISN,133408
NIU,873027
NJR,556571
NKE,7587965
NKLA,12531484
NKTR,2285549
NKTX,588637
NKX,126624
NLS,233866
NLSP,270920
NLTX,337624
NLY,7117503
NMAI,105372
NMCO,249100
NMFC,350547
NMIH,410842
NML,169594
NMM,156678
NMR,1264873
NMRK,1002039
NMTC,190590
NMTR,103505
NMZ,463355
NN,395092
NNBR,170819
NNDM,2822965
NNN,1020171
NNOX,501133
NOAH,105985
NOC,1017422
NOG,1700183
NOK,20108958
NOMD,868160
NOTE,838028
NOTV,771356
NOV,3650619
NOVA,3546275
NOVN,213104
NOVT,143683
NOW,1653281
NPCT,125487
NPFD,109968
NPO,110980
NR,621540
NRBO,2239327
NRDS,482785
NRDY,669349
NRG,3845429
NRGV,1335691
NRIX,368039
NRK,250330
NRO,126102
NRSN,738327
NRXP,269256
NS,437810
NSA,746864
NSC,1480453
NSIT,261125
NSL,153038
NSP,205578
NSSC,298647
NSTC,247592
NSTD,212904
NSTG,880450
NTAP,1809904
NTB,206907
NTCO,772096
NTCT,465660
NTES,1814058
NTGR,136976
NTLA,1138602
NTNX,2074631
NTR,2162877
NTRA,1484159
NTRS,1095952
NTST,591937
NU,28036129
NUE,1883597
NURO,304042
NUS,650189
NUTX,2725625
NUV,553426
NUVA,1005677
NUVB,694940
NUVL,294426
NUWE,279710
NVAX,6417185
NVCR,787412
NVDA,50621715
NVEI,367896
NVG,780619
NVGS,186190
NVIV,168394
NVMI,131018
NVO,1361751
NVOS,14456886
NVRO,600128
NVS,2164078
NVST,1813367
NVT,1008588
NVTA,8690711
NVTS,1359845
NVVE,401970
NWBI,768428
NWE,396712
NWG,1633943
NWL,4565860
NWN,194230
NWS,1000106
NWSA,2873274
NWTN,240968
NX,155365
NXDT,196065
NXE,2520439
NXGN,564424
NXJ,105698
NXL,172552
NXP,127019
NXPI,2147105
NXRT,141500
NXST,477322
NXT,2046609
NXTC,147985
NXTP,107714
NYCB,13716021
NYMT,756967
NYMX,129661
NYT,1161271
NZF,658150
O,3811575
OABI,1083912
OB,199328
OBE,622915
OBLG,198421
OBNK,108587
OC,947708
OCEA,1028473
OCFC,285440
OCGN,5711632
OCSL,447180
OCUL,1081424
OCUP,172779
OCX,418561
ODFL,850080
ODP,417956
OEC,457831
OFC,704647
OFG,264877
OFIX,340160
OGE,1163444
OGI,1118939
OGN,2109032
OGS,526497
OHI,2186050
OI,1315681
OIA,127330
OIG,1135476
OII,1198757
OIS,716095
OKE,2509938
OKTA,3342259
OKYO,329069
OLED,351085
OLK,142685
OLLI,1161235
OLMA,142592
OLN,1455419
OLO,1171126
OLPX,3562956
OM,537304
OMC,1715074
OMCL,598247
OMER,722548
OMF,1384347
OMI,988632
OMIC,147230
ON,6894523
ONB,1915474
ONCR,212550
ONCS,1525949
ONCT,256230
ONCY,236912
ONDS,341055
ONL,501030
ONON,2786225
ONTF,395790
ONTO,247200
ONTX,149073
OP,590365
OPAD,786791
OPCH,1221844
OPEN,24977094
OPGN,367001
OPI,474943
OPK,2756240
OPP,167876
OPRA,137975
OPRT,355034
OPRX,227938
OPTN,181769
OPTT,184255
OR,771686
ORA,495949
ORAN,672200
ORC,982573
ORCC,2113045
ORCL,7690141
ORGN,998773
ORGNW,207783
ORGO,947733
ORI,1641606
ORIC,568808
ORLA,195577
ORLY,465675
ORMP,1062679
OSBC,172398
OSCR,2638582
OSG,396474
OSH,3948699
OSK,480906
OSPN,272632
OSTK,1449608
OSUR,542079
OSW,472802
OTEX,736655
OTIS,1929230
OTLK,529862
OTLY,4421860
OTMO,538428
OTRK,2084232
OTTR,301310
OUST,2172769
OUT,1588455
OVV,3606316
OWL,3956430
OWLT,549132
OXLC,1065450
OXM,173349
OXSQ,146581
OXY,14549803
OZK,1146927
PAA,4864261
PAAS,4196913
PACB,4618187
PACK,436190
PACW,6185162
PACWP,218012
PAG,419433
PAGP,2629677
PAGS,3561269
PAHC,146158
PALI,2120678
PALT,214791
PAM,155924
PANL,175323
PANW,4341437
PAR,279115
PARA,11830852
PARR,885910
PASG,193677
PATH,6259543
PATK,190307
PAVM,586235
PAX,174949
PAXS,212219
PAY,155718
PAYC,466848
PAYO,3934010
PAYS,104415
PAYX,1737727
PB,575344
PBA,675946
PBF,3236937
PBH,261712
PBI,1518339
PBLA,992155
PBR,30999093
PBT,231397
PBTS,12244011
PBYI,344253
PCAR,3213962
PCG,17771445
PCH,487106
PCK,102663
PCN,139710
PCOR,885837
PCRX,509598
PCSA,161182
PCT,1503593
PCTY,490295
PCVX,1012124
PCYO,101477
PD,1151057
PDCE,894217
PDCO,688918
PDD,11195917
PDFS,145277
PDI,1122620
PDM,1318390
PDO,619002
PDSB,732875
PDT,100435
PEAK,4359392
PEAR,460101
PEB,2439367
PEBO,121159
PECO,588758
PED,231911
PEG,2808024
PEGA,377988
PEGY,3839473
PEN,344494
PENN,2553594
PEP,4848969
PERF,111598
PERI,572827
PETQ,398175
PETS,389761
PEV,128403
PFC,136394
PFE,21909987
PFG,1835002
PFGC,1179215
PFL,109563
PFLT,322744
PFMT,182823
PFN,242324
PFS,455760
PFSI,434367
PFSW,148034
PG,6694731
PGEN,1509632
PGNY,887988
PGR,2453930
PGRE,1855480
PGTI,471360
PGY,2734781
PH,910865
PHAT,279595
PHG,2694270
PHGE,322115
PHK,416783
PHM,2482269
PHR,360794
PHT,103978
PHUN,2453222
PHVS,947505
PHX,173344
PI,450776
PII,595100
PIII,203701
PIK,295600
PINC,533911
PINE,105638
PINS,12571161
PIRS,295421
PIXY,111516
PJT,175851
PK,3236704
PKE,152042
PKG,713413
PKI,847362
PKX,230924
PL,1718876
PLAB,593739
PLAY,1079345
PLBY,1211821
PLCE,488852
PLD,3562342
PLG,319469
PLL,488244
PLMR,184651
PLNT,895010
PLRX,596952
PLTK,1329515
PLTR,37309366
PLUG,17314848
PLX,612534
PLXP,352988
PLXS,165909
PLYA,1459926
PLYM,194016
PM,4807194
PML,281640
PMM,141150
PMT,983052
PMVP,601419
PMX,122799
PNC,2757790
PNFP,607345
PNM,679247
PNNT,334317
PNR,1620976
PNT,674577
PNTG,261526
PNTM,211392
PNW,946056
POAI,389003
PODD,634498
POL,767928
POOL,457688
POR,827667
POST,451798
POWI,371511
POWW,1132704
PPBI,493658
PPC,806260
PPG,1351895
PPL,5184133
PPSI,110384
PPT,203604
PPTA,101565
PR,6915523
PRA,309561
PRAA,226198
PRAX,1252663
PRCH,1785257
PRCT,307116
PRDO,459459
PRDS,214874
PRE,508813
PRFT,206202
PRFX,151984
PRG,592290
PRGO,1307494
PRGS,299610
PRI,149056
PRIM,279414
PRLB,269540
PRM,1097768
PRME,253715
PRMW,859637
PRO,264656
PROK,146390
PRPC,103967
PRPL,883272
PRQR,1973269
PRTA,553701
PRTK,445824
PRTS,899394
PRU,2075691
PRVA,787299
PRVB,2101054
PSA,963993
PSEC,1370668
PSFE,448136
PSHG,401082
PSMT,101607
PSN,482011
PSNL,465803
PSNY,2846858
PSNYW,169169
PSO,450972
PSTG,4572990
PSTL,101048
PSTV,533268
PSTX,539508
PSX,3465944
PT,220767
PTA,212447
PTC,732870
PTCT,685955
PTE,127477
PTEN,2999558
PTGX,1211725
PTLO,745686
PTON,13317194
PTRA,1849069
PTVE,246847
PTY,509194
PUBM,497354
PUCK,104840
PUK,782283
PUMP,1349884
PVBC,137829
PVH,1071781
PVL,184704
PWP,313148
PWR,922462
PWSC,563412
PX,181331
PXD,2409669
PXLW,270424
PXMD,1170465
PXS,116930
PYCR,503481
PYPD,236181
PYPL,14163685
PYXS,1438190
PZG,118402
PZZA,579555
QBTS,1071714
QCOM,8009836
QD,783989
QDEL,579188
QFIN,1362752
QGEN,888119
QH,209977
QLGN,208129
QLYS,362156
QMCO,202854
QNCX,1267127
QNRX,576044
QNST,264447
QQQX,145265
QRTEA,8401427
QRVO,1303235
QS,6800122
QSI,710434
QSR,1537602
QTEK,187563
QTRX,354970
QTWO,604632
QUAD,162202
QUBT,503194
QUOT,739186
QURE,622585
R,380244
RA,211816
RACE,331930
RAD,2613924
RADI,2252839
RAIN,169345
RAMP,616601
RAPT,419450
RARE,701037
RAYA,120023
RBA,2102306
RBBN,748638
RBC,148032
RBLX,14745935
RBOT,416344
RBT,403747
RC,1167626
RCAT,164712
RCEL,109420
RCI,329004
RCKT,923635
RCL,4676390
RCM,3780098
RCON,595226
RCRT,366108
RCS,114254
RCUS,1061214
RDFN,4439531
RDHL,123145
RDN,1807160
RDNT,254125
RDW,392961
RDWR,182076
RDY,201031
RE,307323
REAL,3646361
REBN,139515
REE,778558
REG,976789
REGN,660596
REI,2337860
REKR,394494
RELL,200245
RELX,916822
RELY,1019922
RENN,153200
RENT,1779180
REPL,515620
RERE,240775
RES,1289242
RETA,1097725
REVB,157414
REVEW,709224
REVG,163774
REX,127652
REXR,1425876
REYN,390652
REZI,735386
RF,9697719
RGA,453812
RGEN,597100
RGLD,467267
RGNX,386044
RGP,202625
RGR,133758
RGS,321323
RGTI,1205372
RH,755804
RHI,1033109
RHP,352485
RIDE,5210777
RIG,24004805
RIGL,3521610
RILY,452759
RIO,3583745
RIOT,14041444
RITM,5027163
RIV,110189
RIVN,23610129
RJF,1483944
RKLB,3425602
RKT,3230305
RL,933080
RLAY,1189982
RLGT,124062
RLI,195451
RLJ,1628361
RLMD,816157
RLTY,104113
RLX,13249335
RMAX,152160
RMBL,170762
RMBS,956766
RMD,590065
RMED,1142640
RMGC,266929
RMNI,321940
RMT,139765
RMTI,187292
RNA,1402026
RNAZ,2461332
RNG,2125907
RNP,137287
RNR,381805
RNST,226265
RNW,1091760
ROAD,174991
ROCC,459911
ROCK,159291
ROG,425242
ROIC,1043466
ROIV,2339140
ROK,706369
ROKU,8402510
ROL,1483368
RONI,204548
ROOT,180737
ROP,533134
ROSS,173330
ROST,2485731
ROVR,454340
RPAY,968778
RPD,1068428
RPM,615443
RPRX,1701703
RPT,487202
RPTX,149352
RQI,367960
RRC,4556694
RRGB,317345
RRR,404557
RRX,578226
RS,483138
RSG,1399673
RSI,642723
RSKD,427794
RSLS,439758
RTL,694358
RTO,904290
RTX,4623539
RUBY,2630378
RUM,1618787
RUN,8208110
RUSHA,213081
RUTH,407143
RVLV,1267425
RVMD,1103882
RVNC,1412831
RVPH,291709
RVSN,116280
RVT,275810
RVYL,214581
RWAY,120102
RWLK,250479
RWODW,257620
RWT,1358776
RXDX,695294
RXO,1385552
RXRX,1088930
RXST,100647
RXT,1807416
RY,885942
RYAAY,399520
RYAM,605425
RYAN,782604
RYI,263902
RYN,441692
RYTM,648648
S,4852041
SA,305131
SABR,6787708
SACH,334188
SAFE,312531
SAGE,496409
SAH,370927
SAIA,400534
SAIC,310188
SAM,151760
SAN,4921717
SANA,982031
SAND,2557165
SANM,447438
SAP,1005450
SASR,259884
SATS,260216
SATX,874625
SAVA,1289260
SAVE,1324549
SB,906567
SBAC,796138
SBCF,720741
SBET,413665
SBEV,183077
SBFM,379612
SBGI,649014
SBH,1511435
SBIG,153690
SBLK,1629447
SBNY,2994863
SBOW,343542
SBRA,2037952
SBS,2788814
SBSI,120859
SBSW,3207113
SBUX,6675678
SCAQ,110599
SCCO,1413357
SCHL,209800
SCHN,229024
SCHW,14399270
SCI,991606
SCLX,218245
SCOR,349448
SCPH,487877
SCPL,291037
SCRM,333050
SCS,839898
SCSC,105687
SCTL,138181
SCU,138430
SCVL,357450
SCYX,698273
SD,568812
SDAC,112458
SDACW,409100
SDC,2226075
SDGR,598756
SDIG,1245257
SDRL,217531
SE,5768014
SEAC,129611
SEAS,774241
SEAT,400819
SECO,894282
SEDG,1135111
SEE,1119669
SEEL,608854
SEER,386399
SEIC,509117
SELB,965571
SEM,561907
SEMR,246053
SENS,2877101
SERA,702427
SES,475673
SEV,1308465
SF,727060
SFBS,197581
SFIX,2937037
SFL,879929
SFM,1433388
SFNC,565656
SFR,315966
SFT,285251
SG,1620366
SGBX,131476
SGEN,1163694
SGH,579194
SGHC,155495
SGHT,138309
SGLY,184472
SGML,748432
SGMO,1543490
SGRY,781276
SGTX,230698
SHAK,842198
SHC,2192338
SHCR,1267413
SHEL,4964719
SHEN,139505
SHFS,253381
SHG,152421
SHIP,216928
SHLS,2867533
SHO,2278548
SHOO,849097
SHOP,22571773
SHPH,1016206
SHPW,152873
SHW,1543981
SHYF,230392
SI,11681823
SIBN,227615
SID,3644165
SIDU,2898994
SIEN,185241
SIG,779450
SIGA,968850
SIGI,285061
SILK,490523
SILO,345959
SILV,1334685
SIMO,351419
SINT,582845
SIOX,618896
SIRI,15929220
SISI,144316
SITC,1902890
SITE,296974
SITM,277315
SIX,1910256
SJ,192973
SJM,865727
SJR,908278
SJT,741728
SJW,346329
SKIL,472046
SKIN,2003831
SKLZ,9275423
SKM,475573
SKT,832616
SKWD,295430
SKX,1712646
SKY,425938
SKYT,287103
SKYW,603518
SKYX,136168
SLAB,463340
SLAC,107060
SLAM,250151
SLB,11651895
SLCA,749547
SLDP,2094244
SLF,604884
SLG,1953935
SLGC,1191031
SLGG,159565
SLGN,379062
SLI,810252
SLM,2087302
SLNA,208068
SLND,124390
SLNH,391199
SLNO,1043661
SLP,117023
SLQT,2259566
SLRC,224663
SLRX,112775
SLS,410177
SLVM,446737
SM,1799234
SMAR,1388035
SMCI,1275294
SMFG,3645352
SMFL,290071
SMG,877631
SMMT,5777427
SMP,112744
SMPL,590965
SMR,661948
SMRT,1092772
SMSI,310813
SMTC,1254706
SMWB,153076
SNA,297812
SNAL,355624
SNAP,38222226
SNAX,174358
SNBR,451655
SNCE,620211
SNCR,282040
SNCY,451769
SND,221069
SNDL,3924756
SNDR,583364
SNDX,826973
SNES,147958
SNEX,104934
SNMP,345766
SNN,880570
SNOA,1383169
SNOW,5703747
SNPS,890548
SNPX,121829
SNRH,135383
SNTG,330720
SNTI,1497596
SNV,1441911
SNX,364370
SNY,2372035
SO,4549100
SOBR,2041602
SOFI,40083057
SOI,240802
SOJD,108318
SOL,534494
SOLO,920048
SON,478824
SOND,928401
SONM,217815
SONN,2412166
SONO,1855682
SONX,212915
SONY,843036
SOPA,177357
SOPH,106969
SOS,104259
SOUN,6636959
SOVO,295348
SPB,626813
SPCE,7618935
SPG,1741751
SPGI,1603799
SPH,233111
SPI,110395
SPIR,457523
SPLK,2146831
SPNS,126298
SPNT,548668
SPOK,188982
SPOT,1999135
SPPI,1926846
SPR,2155092
SPRB,810338
SPRC,1038005
SPRO,769662
SPRU,614131
SPRY,222077
SPSC,141639
SPT,603255
SPTN,299395
SPWH,393221
SPWR,4089169
SPXC,188715
SQ,14489279
SQL,1585313
SQM,1644929
SQSP,606256
SQZ,220240
SR,306735
SRAD,228155
SRAX,110023
SRC,805964
SRCL,437062
SRDX,113621
SRE,1312837
SRG,652516
SRI,117244
SRPT,1169277
SRRK,235581
SRTS,333780
SRZN,642308
SSB,600612
SSD,181573
SSL,252677
SSNC,1444909
SSP,269267
SSRM,1535126
SSSS,171183
SSTK,371906
SSYS,496137
ST,1204345
STAA,683918
STAG,1199685
STAR,1159731
STBA,167373
STBX,264425
STC,237506
STCN,117719
STE,560676
STEL,219021
STEM,3933444
STEP,275569
STER,170322
STET,169773
STGW,617795
STIM,227094
STKH,124378
STKL,958155
STLA,5852012
STLD,2133093
STM,3732004
STNE,5555302
STNG,1391206
STOK,331188
STR,636106
STRA,113302
STRC,437551
STRL,231632
STRO,504223
STSA,488002
STSS,103868
STT,2846369
STVN,307732
STWD,3476376
STX,2648377
STXS,175110
STZ,1231970
SU,4969568
SUI,662435
SUM,724262
SUMO,1952637
SUN,267664
SUNL,539269
SUNW,665095
SUPN,402974
SUPV,364619
SURF,289017
SURG,116803
SUZ,1652956
SVC,1330821
SVII,110822
SVM,1327294
SVRA,171452
SVRE,198828
SWAV,466046
SWBI,654144
SWI,393606
SWIM,572800
SWK,1935943
SWKS,2028825
SWN,26158923
SWTX,737161
SWVL,220857
SWX,570435
SXC,878276
SXT,165846
SXTC,496553
SY,433715
SYBX,147319
SYF,5639973
SYK,1387501
SYM,310319
SYNA,499687
SYNH,1557287
SYRS,126105
SYTA,5336535
SYY,2427620
T,38623055
TA,407438
TAC,368837
TAK,2871421
TAL,8853826
TALK,549442
TALO,1305252
TALS,318373
TAP,1412262
TASK,390287
TAST,131952
TBBK,357052
TBI,186659
TBIO,138241
TBLA,2040351
TBLT,1429619
TBPH,608009
TC,251461
TCBI,520803
TCBP,606311
TCMD,219298
TCN,1056866
TCOM,5862301
TCON,116731
TCPC,235826
TCRR,438258
TCRT,1330651
TCS,428752
TCVA,197383
TD,1985556
TDC,971023
TDCX,131362
TDG,306669
TDOC,4361097
TDS,2301749
TDUP,1397786
TDW,749171
TDY,220040
TEAM,2879133
TECH,1088465
TECK,3863500
TEF,1267825
TEI,203062
TEL,1725451
TELL,11373127
TENB,885156
TENX,2144266
TEO,118606
TER,1671170
TERN,310315
TEVA,9224606
TEX,770212
TFC,9794873
TFFP,218855
TFII,249515
TFIN,213950
TFPM,129591
TFSL,282696
TFX,382561
TG,143300
TGB,1404896
TGH,277587
TGI,942143
TGL,127422
TGLS,249953
TGNA,1884562
TGS,189368
TGT,3979274
TGTX,4339777
TH,641760
THC,1818185
THCH,166580
THG,170054
THM,117436
THMO,607993
THO,750663
THQ,104479
THR,172317
THRD,225306
THRM,172321
THRX,180691
THRY,255446
THS,362603
THTX,237685
TIG,291799
TIGO,190348
TIGR,1313426
TIL,1131052
TILE,317634
TIMB,582870
TIOA,164720
TITN,253792
TIVC,534913
TIXT,156331
TJX,5392194
TK,1043523
TKAT,249103
TKC,476797
TKR,576669
TLGA,148832
TLIS,106053
TLK,263106
TLRY,19477753
TLS,856139
TLYS,192065
TM,214561
TMBR,602503
TMC,1358508
TMCI,343532
TMDX,388273
TME,9943825
TMHC,968273
TMO,1485180
TMPO,215761
TMQ,248373
TMST,480590
TMUS,5343224
TNDM,1188869
TNET,333132
TNGX,208594
TNK,499831
TNL,797333
TNON,287037
TNP,403548
TNXP,4107528
TNYA,318223
TOI,181802
TOL,1541017
TOP,308859
TOPS,4421173
TOST,6192844
TOUR,885819
TOWN,176180
TPB,184014
TPC,318689
TPG,556845
TPH,855331
TPIC,800296
TPR,3444259
TPVG,284770
TPX,1922615
TR,127572
TRAQ,104857
TREE,297342
TREX,1211299
TRGP,2025254
TRI,493137
TRIN,318656
TRIP,2365252
TRKA,45944952
TRKAW,202732
TRMB,1308829
TRMD,307617
TRMK,316399
TRMR,155573
TRN,498239
TRNO,477546
TROW,1877173
TROX,1156340
TRP,2081593
TRS,120546
TRTN,469479
TRTX,397760
TRU,1570470
TRUE,498821
TRUP,637133
TRV,1427960
TRVG,426952
TRVI,120706
TRX,346215
TS,2122246
TSCO,1109660
TSE,437573
TSEM,506198
TSHA,1570095
TSI,120573
TSLA,138928660
TSLX,451516
TSM,14296094
TSN,3076942
TSP,3396001
TSVT,633487
TT,1341825
TTC,616894
TTCF,1152353
TTD,4937872
TTE,1846940
TTEC,148469
TTEK,271943
TTGT,288897
TTI,1170577
TTMI,508387
TTOO,493735
TTSH,229765
TTWO,2011976
TU,1522199
TUP,1215262
TUSK,251028
TUYA,724331
TV,3189421
TVTX,1140955
TW,915785
TWI,470400
TWKS,731472
TWLO,4685982
TWLV,168856
TWNI,103787
TWNK,1030441
TWO,1212963
TWOA,110574
TWOU,1062324
TWST,1239474
TX,279915
TXG,1161192
TXN,5559943
TXRH,888527
TXT,1394032
TYDE,4196329
TYL,298935
U,11269780
UA,3054921
UAA,8340823
UAL,8537256
UAMY,221451
UAVS,607922
UBA,136176
UBER,24216427
UBS,3386852
UBSI,674806
UBX,552752
UCBI,639969
UCL,173139
UCTT,301536
UDMY,524076
UDR,2450732
UE,957505
UEC,8368639
UEIC,131311
UFAB,124601
UFI,174136
UFPI,446389
UGI,1294948
UGP,1505870
UHAL,446285
UHS,711852
UIHC,277902
UIS,1056330
UL,2312649
ULCC,1019565
ULTA,654144
UMBF,284219
UMC,8927120
UMH,332633
UNCY,3022044
UNFI,587098
UNH,3308267
UNIT,2898662
UNM,1619827
UNP,3390007
UNVR,2135612
UP,1537853
UPC,169544
UPLD,399165
UPS,3152182
UPST,5974405
UPWK,1495932
URBN,1776218
URG,1210579
URI,773097
UROY,616424
USA,784935
USAC,196519
USAS,420344
USB,11619042
USD,183021
USEA,382906
USFD,1872067
USM,282741
USX,411358
UTF,146610
UTG,243936
UTHR,453656
UTI,128925
UTRS,1021132
UTZ,485490
UUU,159793
UUUU,1890347
UVE,232239
UVSP,104990
UVV,127254
UWMC,1112616
UXIN,177281
V,6739615
VAC,391086
VAL,895583
VALE,31258206
VAPO,461272
VAQC,196309
VATE,420525
VAXX,333428
VBIV,890071
VBLT,2793175
VBTX,399559
VC,301902
VCEL,437515
VCNX,283694
VCSA,1800231
VCTR,296665
VCV,143836
VCYT,856000
VECO,415343
VEEV,1056255
VERA,509658
VERB,4163156
VERI,590423
VERO,1189193
VERU,3434092
VERV,842437
VERX,229766
VET,1979652
VEV,513510
VFC,7911771
VFF,1093162
VGM,162542
VGR,846611
VGZ,144945
VHC,512632
VIAV,1833261
VICI,6181101
VICR,309635
VIEW,1286159
VINC,154871
VINO,486184
VIPS,5492206
VIR,938085
VIRI,418373
VIRT,1170021
VISL,223890
VIST,704616
VITL,194503
VIV,2161839
VIVK,100097
VKI,122973
VKQ,158700
VKTX,3477917
VLCN,107048
VLD,1607738
VLN,411789
VLO,4078990
VLON,4692828
VLRS,437621
VLTA,3994011
VLY,3329102
VMC,734446
VMEO,2105919
VMI,121690
VMO,188608
VMW,1074856
VNDA,582023
VNET,1833872
VNO,4250663
VNOM,436534
VNRX,142744
VNT,1273392
VNTR,522898
VOC,203946
VOD,8446354
VOR,157123
VORB,2543561
VOYA,1617760
VQS,156114
VRA,263747
VRAX,1375544
VRAY,867210
VRCA,133913
VRDN,557812
VRE,791000
VREX,300335
VRM,4084989
VRNA,685690
VRNS,1374650
VRNT,431848
VRRM,1892042
VRSK,998726
VRSN,672077
VRT,3607693
VRTV,119100
VRTX,1362871
VS,1757784
VSAT,669827
VSCO,1396191
VSH,974901
VST,3801160
VSTM,1231024
VSTO,616073
VTEX,326325
VTGN,5955595
VTLE,706537
VTNR,2880764
VTR,2218708
VTRS,9286488
VTS,644004
VTYX,684291
VUZI,814826
VVI,120501
VVOS,1462294
VVPR,380060
VVR,887559
VVV,1568098
VWE,340636
VXRT,2646898
VYGR,268730
VYNT,218528
VZ,22714152
VZIO,438781
VZLA,169690
W,5417824
WAB,906169
WABC,188787
WAFD,609088
WAL,3505435
WAT,357614
WATT,273039
WAVD,100560
WB,1363253
WBA,7047727
WBD,24145796
WBS,1205385
WBX,466626
WCC,481233
WCN,1005174
WD,169498
WDAY,2112561
WDC,4746540
WDFC,100034
WDH,581712
WDI,174889
WDS,625037
WE,8359028
WEAV,156412
WEC,1472110
WEJO,241855
WELL,2680187
WEN,2441175
WERN,542149
WES,1021235
WEST,146210
WETG,1513580
WEX,358896
WFC,20641224
WFG,136252
WFRD,822600
WGO,517906
WGS,3047062
WH,814296
WHD,496160
WHR,774011
WIMI,810761
WING,649371
WIRE,211165
WISA,726244
WISH,25550605
WIT,2571404
WIW,211597
WIX,755925
WK,355814
WKEY,120881
WKHS,3708644
WLDS,943814
WLK,701438
WLY,246837
WM,1762160
WMB,6886684
WMG,1384023
WMS,984316
WMT,6409035
WNC,529448
WNS,157017
WNW,1739385
WOLF,2582777
WOOF,2469379
WOR,190511
WOW,437329
WPC,975385
WPM,2465845
WPP,101918
WPRT,531054
WRAP,120581
WRB,1396650
WRBY,1138827
WRK,2171480
WRN,130723
WSBC,188172
WSC,1786030
WSFS,286010
WSM,1141295
WSO,299970
WSR,315229
WST,678603
WT,996759
WTER,1070435
WTFC,518127
WTI,3064988
WTRG,1179532
WTS,124535
WTTR,743069
WTW,563377
WU,7008236
WULF,1469405
WVE,570411
WW,2779458
WWAC,115527
WWD,322785
WWE,869408
WWR,334273
WWW,1390702
WY,4013719
WYNN,3129682
X,8105238
XAIR,275536
XCUR,130780
XEL,3127398
XELA,93849882
XENE,383608
XERS,962765
XFLT,161923
XFOR,1077919
XHR,685164
XM,3045614
XMTR,672333
XNCR,360813
XNET,138319
XOM,17865636
XOS,449807
XP,5193204
XPDB,134178
XPEL,141062
XPER,341547
XPEV,25692074
XPO,1802452
XPOF,381950
XPON,1691106
XPRO,694817
XRAY,2181894
XRTX,462505
XRX,1488824
XWEL,234424
XXII,1305748
XYL,1275198
YALA,190561
YCBD,233689
YELL,864804
YELP,666162
YETI,1298899
YEXT,1061099
YGMZ,325902
YI,204094
YJ,212031
YMAB,511169
YMM,6929143
YOSH,121777
YOU,1119761
YPF,2483566
YQ,159824
YSG,1634220
YTEN,148870
YTPG,138568
YTRA,135574
YUM,1690106
YUMC,2082886
YVR,141856
YY,650144
Z,3552562
ZBH,1316310
ZBRA,416897
ZD,286083
ZETA,1071656
ZEV,1681702
ZG,687153
ZGN,207263
ZH,4966139
ZI,5077036
ZIM,4377834
ZIMV,634829
ZING,332219
ZION,2533757
ZIP,850241
ZLAB,682700
ZM,3827283
ZNTL,541983
ZOM,7706444
ZS,2596523
ZTO,2908104
ZTR,203303
ZTS,2249440
ZUMZ,392820
ZUO,1090746
ZVIA,131122
ZVSA,271377
ZWS,1401127
ZYME,1078992
ZYNE,294337
ZYXI,233894